#TradeId,Total,CVA,DVA,FBA,FCA,COLVA,CollateralFloor,AllocatedCVA,AllocatedDVA,AllocationMethod,BaselEPE,BaselEEPE
,Total,2884508.83493,2519498.75779,-4870832.55531,-4263636.72119,0.0,0.0,2884508.83493,2519498.75779,None,2519498.75779,31560008.3874
