#TradeId,Total,CVA,DVA,FBA,FCA,COLVA,CollateralFloor,AllocatedCVA,AllocatedDVA,AllocationMethod,BaselEPE,BaselEEPE
,Total,2865809.47236,2471741.38659,-4426343.46911,-3822009.44357,0.0,0.0,2865809.47236,2471741.38659,None,2471741.38659,30815127.402
